1001,joaosousa,joao,sousa,joaosousa@teste.com.br,200000,21999999999,0
1002,joaocorreia,joao,correia,joaocorreia@teste.com.br,300000,31999999999,0
1003,joaopereira,joao,pereira,joaopereira@teste.com.br,400000,41999999999,0
1004,joaogouveia,joao,gouveia,joaogouveia@teste.com.br,100000,51999999999,0
1005,joaosilva,joao,silva,joaosilva@teste.com.br,200000,11999999999,0
1006,mariasousa,maria,sousa,mariasousa@teste.com.br,300000,41999999999,0
1007,mariacorreia,maria,correia,mariacorreia@teste.com.br,400000,51999999999,0
1008,mariapereira,maria,pereira,mariapereira@teste.com.br,100000,11999999999,0
1009,mariagouveia,maria,gouveia,mariagouveia@teste.com.br,200000,11999999999,0
1010,mariasilva,maria,silva,mariasilva@teste.com.br,100000,21999999999,0
1011,mariasilva2,maria,silva,mariasilva2@teste.com.br,200000,31999999999,0
1012,josecorreia,jose,correia,josecorreia@teste.com.br,100000,11999999999,0
1013,josepereira,jose,pereira,josepereira@teste.com.br,200000,21999999999,0
1014,josegouveia,jose,gouveia,josegouveia@teste.com.br,100000,31999999999,0
1015,josesilva,jose,silva,josesilva@teste.com.br,200000,41999999999,0
1016,josesilva2,jose,silva,josesilva2@teste.com.br,300000,51999999999,0
1017,josesousa,jose,sousa,josesousa@teste.com.br,400000,11999999999,0
1018,anapereira,ana,pereira,anapereira@teste.com.br,100000,41999999999,0
1019,anagouveia,ana,gouveia,anagouveia@teste.com.br,200000,51999999999,0
1020,anasilva1,ana,silva,anasilva1@teste.com.br,300000,11999999999,0
1021,anasilva2,ana,silva,anasilva2@teste.com.br,400000,11999999999,0
1022,anasousa,ana,sousa,anasousa@teste.com.br,100000,21999999999,0
1023,anacorreia,ana,correia,anacorreia@teste.com.br,200000,31999999999,0
1024,henriquegouveia,henrique,gouveia,henriquegouveia@teste.com.br,300000,11999999999,0
1025,henriquesilva,henrique,silva,henriquesilva@teste.com.br,400000,21999999999,0
1026,henriquesilva2,henrique,silva,henriquesilva2@teste.com.br,100000,31999999999,0
1027,henriquesousa,henrique,sousa,henriquesousa@teste.com.br,200000,41999999999,0
1028,henriquecorreia,henrique,correia,henriquecorreia@teste.com.br,100000,51999999999,0
1029,henriquepereira,henrique,pereira,henriquepereira@teste.com.br,200000,11999999999,0
1030,luciasilva,lucia,silva,luciasilva@teste.com.br,100000,41999999999,0
1031,luciasilva2,lucia,silva,luciasilva2@teste.com.br,200000,51999999999,0
1032,luciasousa,lucia,sousa,luciasousa@teste.com.br,100000,11999999999,0
1033,luciacorreia,lucia,correia,luciacorreia@teste.com.br,200000,11999999999,0
1034,luciapereira,lucia,pereira,luciapereira@teste.com.br,300000,21999999999,0
1035,luciagouveia,lucia,gouveia,luciagouveia@teste.com.br,400000,31999999999,0